epoch,loss,accuracy,auc,precision,recall,val_loss,val_accuracy,val_auc,val_precision,val_recall,learning_rate
1,0.3513,0.8352,0.9228,0.8289,0.8447,0.312,0.8573,0.947,0.815,0.9257,0.001
2,0.1819,0.9262,0.9796,0.9245,0.9283,0.4171,0.8319,0.9493,0.9384,0.7118,0.001
3,0.1356,0.9454,0.9884,0.9432,0.948,0.535,0.8127,0.9317,0.9162,0.6898,0.001
4,0.0841,0.9665,0.9953,0.9631,0.9701,0.1659,0.9423,0.9866,0.9695,0.9138,0.0002
5,0.073,0.9708,0.9963,0.9671,0.9748,0.1564,0.9496,0.9865,0.9554,0.9436,0.0002
6,0.0651,0.9734,0.9971,0.9693,0.9778,0.1256,0.9545,0.9899,0.9457,0.9646,0.0002
7,0.0611,0.9756,0.9974,0.9714,0.9801,0.1506,0.9531,0.988,0.9698,0.9357,0.0002
8,0.0549,0.9775,0.9979,0.9734,0.9819,0.121,0.957,0.9909,0.9465,0.9692,0.0002
9,0.0513,0.9792,0.9981,0.9753,0.9834,0.1425,0.9539,0.9881,0.9483,0.9606,0.0002
10,0.0486,0.9802,0.9983,0.9765,0.9841,0.1454,0.9555,0.9882,0.959,0.952,0.0002
11,0.0374,0.9846,0.999,0.9811,0.9883,0.1281,0.9582,0.9911,0.9374,0.9822,4e-05
12,0.0355,0.9852,0.9991,0.9817,0.9888,0.1251,0.9604,0.9907,0.9467,0.9761,4e-05
13,0.0321,0.9869,0.9993,0.9834,0.9904,0.1175,0.9641,0.991,0.9545,0.9749,8e-06
14,0.0316,0.9868,0.9993,0.9831,0.9907,0.1145,0.9654,0.9912,0.959,0.9726,8e-06
15,0.0318,0.9866,0.9993,0.9832,0.99,0.1179,0.9645,0.9909,0.9577,0.9722,8e-06
16,0.0306,0.9874,0.9993,0.9838,0.9911,0.119,0.9638,0.9909,0.9541,0.9746,1.6e-06
17,0.0305,0.9874,0.9993,0.9843,0.9907,0.1179,0.9644,0.9909,0.9567,0.9731,1.6e-06
18,0.0305,0.9874,0.9993,0.9838,0.991,0.1187,0.9646,0.9909,0.9561,0.9742,1.6e-06
19,0.0302,0.9873,0.9994,0.9837,0.9909,0.1194,0.9643,0.9908,0.9547,0.9752,3.2e-07
