epoch,accuracy,auc,loss,precision,recall,val_accuracy,val_auc,val_loss,val_precision,val_recall,learning_rate
1,0.8475950360298157,0.9320673942565918,0.33052900433540344,0.8429070711135864,0.8544306755065918,0.7746018171310425,0.9382969737052917,0.4508410096168518,0.6973350644111633,0.9733158349990845,0.0010000000474974513
2,0.9266582131385803,0.9803147315979004,0.17895323038101196,0.9249463081359863,0.9286724328994751,0.9024297595024109,0.9746461510658264,0.21546295285224915,0.8699405789375305,0.9471875429153442,0.0010000000474974513
3,0.945886492729187,0.9887112379074097,0.134254589676857,0.9432397484779358,0.9488721489906311,0.8699654936790466,0.9611250758171082,0.32119208574295044,0.9352214932441711,0.7960277199745178,0.0010000000474974513
4,0.9557720422744751,0.9922448396682739,0.10957736521959305,0.9530666470527649,0.958757758140564,0.9249010682106018,0.9843310713768005,0.17120443284511566,0.8955336213111877,0.9626522660255432,0.0010000000474974513
5,0.9625362753868103,0.9943165183067322,0.09304377436637878,0.9590150117874146,0.9663718938827515,0.8882520198822021,0.9642751216888428,0.39995962381362915,0.9615315198898315,0.8097235560417175,0.0010000000474974513
6,0.9673861861228943,0.9955922961235046,0.08095915615558624,0.963558554649353,0.9715147018432617,0.8841432332992554,0.9720578789710999,0.3982579708099365,0.8165217638015747,0.9920654892921448,0.0010000000474974513
7,0.9786931872367859,0.9980883598327637,0.05286154896020889,0.9743092656135559,0.9833145141601562,0.9648219347000122,0.9927363395690918,0.10181179642677307,0.9628697633743286,0.9672006964683533,0.00020000000949949026
8,0.9823788404464722,0.9986984729766846,0.042752254754304886,0.9781641960144043,0.986785888671875,0.9608653783798218,0.991395115852356,0.11704784631729126,0.947683572769165,0.9758932590484619,0.00020000000949949026
9,0.9839287996292114,0.9989221096038818,0.038649674504995346,0.980047345161438,0.9879716038703918,0.9544486403465271,0.9871801137924194,0.1674932837486267,0.9672259092330933,0.9411229491233826,0.00020000000949949026
10,0.9862144589424133,0.9992383718490601,0.03256784379482269,0.9826840162277222,0.9898715615272522,0.9664451479911804,0.9921494126319885,0.10795558989048004,0.9598525762557983,0.9738717079162598,4.0000002627493814e-05
11,0.9876359105110168,0.9992842078208923,0.030158773064613342,0.9840745329856873,0.9913144111633301,0.9660393595695496,0.9918544888496399,0.11212345957756042,0.9550118446350098,0.9784201979637146,4.0000002627493814e-05
12,0.9880930185317993,0.999234676361084,0.02977682091295719,0.984803318977356,0.9914858341217041,0.967434287071228,0.9923362135887146,0.10729342699050903,0.9599761366844177,0.9757921695709229,8.000000889296643e-06
