epoch,accuracy,val_accuracy,loss,val_loss,auc,val_auc,precision,val_precision,recall,val_recall
1,0.722,0.8397,0.4907,0.33391,0.8269,0.9353,0.7313,0.803,0.702,0.9019
2,0.9085,0.8816,0.2233,0.27607,0.9696,0.9616,0.9077,0.9264,0.9093,0.83
3,0.9312,0.8937,0.171,0.26536,0.982,0.9663,0.9305,0.9154,0.9319,0.8684
4,0.9422,0.9117,0.1449,0.21597,0.9869,0.9774,0.9409,0.8771,0.9437,0.9583
5,0.9505,0.9191,0.1259,0.20706,0.99,0.9766,0.9485,0.9093,0.9527,0.9317
6,0.955,0.9279,0.1125,0.18895,0.9919,0.9799,0.9517,0.9265,0.9586,0.9302
7,0.9598,0.911,0.1017,0.2461,0.9933,0.9792,0.9567,0.8642,0.9632,0.9761
8,0.9623,0.9336,0.0951,0.17525,0.994,0.9823,0.9586,0.9231,0.9664,0.9465
9,0.9661,0.9078,0.0843,0.2846,0.9953,0.9703,0.9623,0.9443,0.9702,0.8674
10,0.9686,0.9247,0.0779,0.2127,0.9959,0.9792,0.9639,0.8937,0.9737,0.9648
