epoch,accuracy,auc,loss,val_accuracy,val_auc,val_loss,val_precision,val_recall,learning_rate
1,0.5832,0.6219,0.6691,0.6145,0.6989,0.6462,0.5832,0.8126,0.001
2,0.7987,0.8859,0.4228,0.8261,0.9188,0.3757,0.8001,0.871,0.001
3,0.9018,0.9661,0.2362,0.8577,0.9464,0.3419,0.8916,0.8157,0.001
4,0.9244,0.9789,0.1857,0.8896,0.963,0.2725,0.8562,0.9375,0.001
5,0.9367,0.9842,0.1591,0.8994,0.968,0.2426,0.8851,0.9188,0.001
6,0.9431,0.9872,0.1427,0.8896,0.9643,0.293,,,0.001
7,0.9476,0.989,0.1315,0.8647,0.968,0.3708,,,0.0002
8,0.9614,0.9936,0.099,0.919,0.9771,0.2035,,,0.0002
9,0.9643,0.9944,0.0916,0.9204,0.9773,0.2049,,,0.0002
10,0.9662,0.9949,0.0875,0.9229,0.9772,0.206,,,0.0002
11,0.9692,0.9958,0.0788,0.9279,0.9793,0.1991,,,4e-05
12,0.9699,0.9959,0.0771,0.9295,0.9796,0.196,0.9217,0.9394,4e-05
13,0.9702,0.9961,0.0758,0.929,0.9793,0.1985,,,4e-05
14,0.9708,0.9961,0.0754,0.9287,0.9796,0.1978,,,8e-06
15,0.9714,0.9962,0.0735,0.9293,0.9798,0.1979,,,8e-06
16,0.9718,0.9963,0.073,0.9299,0.9797,0.1979,,,1.6e-06
17,0.9719,0.9964,0.0727,0.9301,0.9799,0.1971,,,1.6e-06
